Date,UTC_time,Temp(ºC),Rel_Hum(%),Pressure_Geopot.,Wind_dir,Wins_speed(Km/h),Clouds,Low_clouds,Medium_clouds,High_clouds,Prec(mm),Max temp(ºC),Min temp(ºC),Conditions
07/02/2000,21Z,8.4,79%,1020.2 Hpa,160º (S ),3.6,0/8,-,-,-,-,-,-,Clear
07/02/2000,18Z,11.5,72%,1019.8 Hpa,110º (E ),3.6,0/8,-,-,-,-,19.2,-,Clear
07/02/2000,15Z,17.0,40%,1019.6 Hpa,250º (W ),7.2,0/8,-,-,-,-,-,-,Clear
07/02/2000,12Z,16.7,42%,1021.1 Hpa,110º (E ),10.8,0/8,-,-,-,-,-,-,Clear
07/02/2000,09Z,12.3,56%,1023.4 Hpa,110º (E ),7.2,0/8,-,-,-,-,-,-,"Clear, smoke"
07/02/2000,06Z,4.9,90%,1023.7 Hpa,110º (E ),7.2,0/8,-,-,-,-,-,4.9,Clear
07/02/2000,03Z,5.9,90%,1024.8 Hpa,110º (E ),7.2,0/8,-,-,-,-,-,-,"Clear, mist"
07/02/2000,00Z,6.2,87%,1026.5 Hpa,110º (E ),3.6,0/8,-,-,-,-,-,-,"Clear, mist"
06/02/2000,21Z,7.0,86%,1027.5 Hpa,110º (E ),3.6,0/8,-,-,-,-,-,-,"Clear, mist"
06/02/2000,18Z,8.6,81%,1028.1 Hpa,120º (SE),3.6,0/8,-,-,-,-,14.2,-,Clear
06/02/2000,15Z,12.3,65%,1028.0 Hpa,250º (W ),3.6,0/8,-,-,-,-,-,-,Clear
06/02/2000,12Z,12.6,56%,1028.4 Hpa,250º (W ),7.2,0/8,-,-,-,-,-,-,Clear
06/02/2000,09Z,9.5,57%,1029.4 Hpa,calm.,,0/8,-,-,-,-,-,-,Clear
06/02/2000,06Z,7.3,60%,1029.1 Hpa,250º (W ),7.2,8/8,8/8 CU/SC,N/A,N/A,-,-,7.0,Overcast
06/02/2000,03Z,7.6,53%,1028.6 Hpa,260º (W ),3.6,8/8,8/8 SC,N/A,N/A,-,-,-,Overcast
06/02/2000,00Z,7.6,53%,1029.1 Hpa,270º (W ),3.6,8/8,8/8 SC,N/A,N/A,-,-,-,Overcast
05/02/2000,21Z,7.2,56%,1029.4 Hpa,270º (W ),7.2,8/8,8/8 SC,N/A,N/A,-,-,-,Overcast
05/02/2000,18Z,7.4,49%,1029.3 Hpa,260º (W ),7.2,8/8,5/8 SC,AC,N/A,Tr(12h),8.2,-,Overcast
05/02/2000,15Z,7.1,50%,1028.7 Hpa,250º (W ),10.8,8/8,3/8 SC,AC,N/A,-,-,-,"Overcast, rain"
05/02/2000,12Z,7.5,32%,1029.5 Hpa,250º (W ),10.8,8/8,-,8/8 AC,N/A,-,-,-,Overcast
05/02/2000,09Z,4.1,48%,1031.6 Hpa,200º (S ),3.6,7/8,-,7/8 AC,-,-,-,-,Cloudy
05/02/2000,06Z,0.1,66%,1032.8 Hpa,160º (S ),3.6,5/8,-,4/8 AC,CC,-,-,-0.6,Cloudy
05/02/2000,03Z,0.1,73%,1034.1 Hpa,160º (S ),7.2,0/8,-,-,-,-,-,-,Clear
05/02/2000,00Z,0.1,80%,1036.8 Hpa,160º (S ),7.2,0/8,-,-,-,-,-,-,Clear
04/02/2000,21Z,0.3,83%,1038.6 Hpa,170º (S ),3.6,0/8,-,-,-,-,-,-,Clear
04/02/2000,18Z,2.3,72%,1039.0 Hpa,calm.,,0/8,-,-,-,-,6.9,-,Clear
04/02/2000,15Z,4.9,49%,1038.5 Hpa,320º (NW),7.2,1/8,1/8 CU,-,-,-,-,-,Few clouds
04/02/2000,12Z,5.6,51%,1038.7 Hpa,020º (N),7.2,1/8,1/8 CU,-,-,-,-,-,Few clouds
04/02/2000,06Z,1.3,85%,1035.4 Hpa,270º (W ),7.2,0/8,-,-,-,-,-,1.1,Clear
04/02/2000,03Z,2.6,81%,1033.0 Hpa,290º (W ),7.2,0/8,-,-,-,-,-,-,Clear
04/02/2000,00Z,3.9,77%,1031.0 Hpa,290º (W ),7.2,0/8,-,-,-,-,-,-,Clear
03/02/2000,21Z,3.7,75%,1029.4 Hpa,290º (W ),7.2,0/8,-,-,-,-,-,-,Clear
03/02/2000,18Z,5.8,65%,1027.6 Hpa,320º (NW),7.2,2/8,1/8 CU,-,CI,0.2(12h),10.0,-,Few clouds
03/02/2000,15Z,8.5,54%,1025.7 Hpa,330º (NW),10.8,6/8,6/8 CU/SC,-,-,-,-,-,Cloudy
03/02/2000,12Z,8.8,50%,1025.9 Hpa,320º (NW),10.8,6/8,3/8 SC,AC,CI,0.2(6h),-,-,Cloudy
03/02/2000,09Z,6.5,88%,1024.4 Hpa,290º (W ),7.2,8/8,5/8 SC,AC,N/A,-,-,-,"Overcast, rain"
03/02/2000,06Z,6.8,81%,1020.3 Hpa,280º (W ),10.8,8/8,4/8 SC,AC,N/A,-,-,6.8,Overcast
03/02/2000,03Z,8.2,94%,1018.2 Hpa,250º (W ),3.6,8/8,-,8/8 AC,N/A,-,-,-,Overcast
03/02/2000,00Z,7.4,80%,1018.2 Hpa,calm.,,8/8,-,8/8 AC,N/A,-,-,-,Overcast
02/02/2000,21Z,8.2,80%,1018.2 Hpa,200º (S ),3.6,6/8,-,6/8 AC,-,-,-,-,Cloudy
02/02/2000,18Z,8.6,78%,1018.0 Hpa,210º (SW),7.2,4/8,-,2/8 AC,CI,-,13.4,-,Scattered clouds
02/02/2000,15Z,11.3,65%,1018.5 Hpa,220º (SW),3.6,6/8,-,3/8 AC,CI,-,-,-,Cloudy
02/02/2000,12Z,11.3,57%,1019.4 Hpa,290º (W ),7.2,4/8,-,-,CI,-,-,-,"Scattered clouds, mist"
02/02/2000,09Z,9.8,60%,1020.0 Hpa,330º (NW),3.6,1/8,-,-,CI,-,-,-,"Few clouds, mist"
02/02/2000,06Z,5.1,82%,1021.3 Hpa,140º (SE),3.6,1/8,-,-,CI,-,-,3.8,Few clouds
02/02/2000,03Z,5.0,83%,1021.9 Hpa,180º (S ),3.6,0/8,-,-,-,-,-,-,Clear
02/02/2000,00Z,5.7,78%,1022.7 Hpa,240º (SW),3.6,0/8,-,-,-,-,-,-,Clear
01/02/2000,21Z,9.3,68%,1023.5 Hpa,110º (E ),7.2,0/8,-,-,-,-,-,-,Clear
01/02/2000,15Z,12.1,65%,1027.2 Hpa,100º (E ),10.8,0/8,-,-,-,-,-,-,Clear
01/02/2000,12Z,14.9,47%,1028.5 Hpa,150º (SE),3.6,2/8,-,-,CI,-,-,-,Few clouds
01/02/2000,09Z,11.2,57%,1029.1 Hpa,250º (W ),7.2,3/8,-,-,CI,-,-,-,Scattered clouds
01/02/2000,06Z,5.0,82%,1028.9 Hpa,280º (W ),7.2,4/8,-,1/8 AC,CI,-,-,5.0,Scattered clouds
01/02/2000,03Z,6.5,74%,1027.7 Hpa,290º (W ),10.8,0/8,-,-,-,-,-,-,Clear
01/02/2000,00Z,8.0,69%,1027.2 Hpa,270º (W ),10.8,4/8,-,4/8 AC,-,-,-,-,Scattered clouds
31/01/2000,21Z,8.3,70%,1026.0 Hpa,250º (W ),7.2,6/8,-,6/8 AC,-,-,-,-,Cloudy
31/01/2000,18Z,7.7,71%,1023.4 Hpa,270º (W ),3.6,0/8,-,-,-,-,14.2,-,Clear
31/01/2000,12Z,12.6,51%,1019.4 Hpa,270º (W ),10.8,4/8,-,1/8 AC,CC,-,-,-,Scattered clouds
31/01/2000,09Z,8.2,69%,1020.8 Hpa,150º (SE),3.6,5/8,-,5/8 AC,-,-,-,-,Cloudy
31/01/2000,06Z,5.2,84%,1022.3 Hpa,150º (SE),7.2,7/8,-,5/8 AC,CI,0.2(12h),-,5.2,"Cloudy, rain"
31/01/2000,03Z,5.4,86%,1023.5 Hpa,160º (S ),3.6,8/8,4/8 ST,AC,N/A,-,-,-,"Overcast, rain"
31/01/2000,00Z,5.5,80%,1022.2 Hpa,260º (W ),7.2,8/8,-,8/8 AC,N/A,0.1(6h),-,-,Overcast
30/01/2000,21Z,5.9,81%,1021.5 Hpa,230º (SW),7.2,8/8,5/8 SC,AC,N/A,-,-,-,"Overcast, rain"
30/01/2000,18Z,5.8,82%,1018.3 Hpa,260º (W ),7.2,8/8,8/8 SC,N/A,N/A,1.0(12h),13.3,-,"Overcast, rain"
30/01/2000,15Z,7.6,65%,1015.3 Hpa,020º (N),7.2,8/8,8/8 SC,N/A,N/A,-,-,-,"Overcast, rain"
30/01/2000,12Z,12.4,47%,1011.2 Hpa,230º (SW),3.6,6/8,3/8 SC,AC,CC,0.4(6h),-,-,Cloudy
30/01/2000,09Z,7.4,67%,1011.5 Hpa,180º (S ),7.2,7/8,3/8 SC,AC,-,-,-,-,"Cloudy, rain"
30/01/2000,06Z,6.4,65%,1011.1 Hpa,170º (S ),7.2,8/8,3/8 CU,AC,N/A,Tr(12h),-,5.1,"Overcast, rain"
30/01/2000,03Z,6.0,65%,1012.7 Hpa,160º (S ),10.8,8/8,8/8 SC,N/A,N/A,-,-,-,Overcast
30/01/2000,00Z,5.8,60%,1014.1 Hpa,180º (S ),7.2,7/8,7/8 SC,-,-,-,-,-,Cloudy
29/01/2000,21Z,5.8,56%,1015.0 Hpa,160º (S ),7.2,5/8,-,3/8 AC,CI,-,-,-,Cloudy
29/01/2000,18Z,5.6,51%,1015.8 Hpa,150º (SE),14.4,2/8,-,2/8 AC,-,-,9.8,-,Few clouds
29/01/2000,15Z,6.8,49%,1017.3 Hpa,150º (SE),3.6,7/8,7/8 CU/SC,-,-,-,-,-,"Cloudy, mist"
29/01/2000,12Z,6.8,48%,1019.3 Hpa,310º (NW),7.2,4/8,-,3/8 AC,CC,-,-,-,"Scattered clouds, mist"
29/01/2000,09Z,2.5,67%,1022.2 Hpa,150º (SE),3.6,0/8,-,-,-,-,-,-,"Clear, fog"
29/01/2000,06Z,-1.8,89%,1023.4 Hpa,140º (SE),3.6,0/8,-,-,-,-,-,-3.1,"Clear, mist"
29/01/2000,03Z,-2.3,85%,1023.4 Hpa,140º (SE),3.6,0/8,-,-,-,-,-,-,"Clear, mist"
29/01/2000,00Z,-1.3,71%,1023.7 Hpa,140º (SE),3.6,0/8,-,-,-,-,-,-,"Clear, mist"
28/01/2000,21Z,-0.8,71%,1024.8 Hpa,200º (S ),7.2,0/8,-,-,-,-,-,-,"Clear, mist"
28/01/2000,18Z,-0.2,73%,1024.7 Hpa,210º (SW),3.6,7/8,7/8 SC,-,-,-,3.1,-,"Cloudy, mist"
28/01/2000,15Z,0.7,68%,1024.0 Hpa,290º (W ),3.6,6/8,5/8 CU/SC,AC,-,-,-,-,Cloudy
28/01/2000,12Z,2.1,,1024.7 Hpa,260º (W ),7.2,5/8,-,-,CS,-,-,-,Cloudy
28/01/2000,09Z,-1.4,74%,1025.8 Hpa,calm.,,0/8,-,-,-,-,-,-,Clear
28/01/2000,06Z,-5.2,89%,1025.6 Hpa,calm.,,0/8,-,-,-,-,-,-5.5,Clear
28/01/2000,03Z,-3.6,85%,1026.6 Hpa,calm.,,0/8,-,-,-,-,-,-,Clear
28/01/2000,00Z,-2.2,79%,1027.4 Hpa,120º (SE),3.6,0/8,-,-,-,-,-,-,Clear
27/01/2000,21Z,-1.5,70%,1028.4 Hpa,120º (SE),3.6,0/8,-,-,-,-,-,-,Clear
27/01/2000,18Z,1.0,59%,1029.4 Hpa,calm.,,0/8,-,-,-,-,4.4,-,Clear
27/01/2000,12Z,3.6,43%,1030.0 Hpa,270º (W ),10.8,0/8,-,-,-,-,-,-,Clear
27/01/2000,09Z,-0.6,54%,1031.6 Hpa,270º (W ),14.4,7/8,3/8 SC,AC,-,-,-,-,Cloudy
27/01/2000,06Z,-2.1,58%,1030.7 Hpa,250º (W ),7.2,7/8,5/8 SC,AC,-,Tr(12h),-,-4.5,Cloudy
27/01/2000,03Z,-2.4,57%,1030.7 Hpa,260º (W ),10.8,8/8,8/8 ST,N/A,N/A,-,-,-,Overcast
27/01/2000,00Z,-3.2,52%,1030.8 Hpa,250º (W ),10.8,8/8,8/8 ST,N/A,N/A,Tr(6h),-,-,"Overcast, drizzle"
26/01/2000,21Z,-4.3,59%,1031.0 Hpa,250º (W ),14.4,8/8,8/8 SC,N/A,N/A,-,-,-,Overcast
26/01/2000,18Z,-4.5,57%,1030.7 Hpa,250º (W ),10.8,7/8,7/8 SC,-,-,-,-4.3,-,Cloudy
26/01/2000,15Z,-4.9,62%,1030.5 Hpa,250º (W ),10.8,7/8,7/8 SC,-,-,-,-,-,Cloudy
26/01/2000,12Z,-6.8,65%,1031.8 Hpa,250º (W ),14.4,6/8,6/8 SC,-,-,-,-,-,Cloudy
26/01/2000,09Z,-8.4,65%,1032.5 Hpa,270º (W ),10.8,5/8,-,2/8 AC,CC,-,-,-,Cloudy
26/01/2000,06Z,-10.4,76%,1032.2 Hpa,230º (SW),7.2,1/8,-,1/8 AC,-,-,-,-11.2,Few clouds
26/01/2000,03Z,-11.1,81%,1032.6 Hpa,230º (SW),3.6,0/8,-,-,-,-,-,-,"Clear, mist"
26/01/2000,00Z,-10.6,83%,1032.9 Hpa,240º (SW),7.2,0/8,-,-,-,-,-,-,"Clear, mist"
25/01/2000,21Z,-10.5,82%,1032.7 Hpa,240º (SW),3.6,0/8,-,-,-,-,-,-,Clear
25/01/2000,18Z,-9.1,73%,1032.0 Hpa,280º (W ),7.2,0/8,-,-,-,-,-5.6,-,Clear
25/01/2000,15Z,-7.4,75%,1030.5 Hpa,280º (W ),7.2,0/8,-,-,-,-,-,-,Clear
25/01/2000,12Z,-7.3,67%,1029.1 Hpa,290º (W ),10.8,0/8,-,-,-,-,-,-,Clear
25/01/2000,09Z,-10.9,85%,1028.6 Hpa,290º (W ),7.2,1/8,-,1/8 AC,-,-,-,-,Few clouds
25/01/2000,06Z,-13.5,86%,1026.3 Hpa,280º (W ),7.2,2/8,-,2/8 AC,-,-,-,-14.5,Few clouds
25/01/2000,03Z,-13.5,79%,1034.5 Hpa,280º (W ),7.2,0/8,-,-,-,-,-,-,Clear
25/01/2000,00Z,-12.7,69%,1022.8 Hpa,270º (W ),7.2,0/8,-,-,-,-,-,-,Clear
24/01/2000,21Z,-9.5,62%,1020.7 Hpa,290º (W ),7.2,2/8,-,-,CC,-,-,-,Few clouds
24/01/2000,18Z,-6.6,68%,1018.7 Hpa,300º (NW),7.2,5/8,-,-,CS,0.7(12h),-4.2,-,Cloudy
24/01/2000,15Z,-4.9,68%,1015.8 Hpa,310º (NW),18.0,8/8,-,8/8 AC,N/A,-,-,-,Overcast
24/01/2000,12Z,-4.8,68%,1011.3 Hpa,320º (NW),10.8,8/8,3/8 CU/SC,AC,N/A,0.7(6h),-,-,"Overcast, snow"
24/01/2000,09Z,-5.1,79%,1011.2 Hpa,310º (NW),14.4,7/8,2/8 ST,AC,-,-,-,-,"Cloudy, snow"
24/01/2000,06Z,-6.3,90%,1010.7 Hpa,300º (NW),7.2,8/8,6/8 ST,AC,N/A,6.0(12h),-,-6.4,"Overcast, snow"
24/01/2000,03Z,-6.2,89%,1009.8 Hpa,290º (W ),7.2,8/8,6/8 ST,AC,N/A,-,-,-,"Overcast, snow"
24/01/2000,00Z,-5.9,91%,1009.2 Hpa,360º (N ),7.2,8/8,6/8 ST,AC,N/A,4.0(6h),-,-,"Overcast, snow"
23/01/2000,21Z,-5.2,93%,1008.6 Hpa,020º (N),14.4,8/8,6/8 ST,AC,N/A,-,-,-,"Overcast, snow"
23/01/2000,18Z,-4.7,92%,1007.0 Hpa,070º (E ),7.2,8/8,6/8 ST,AC,N/A,7.0(12h),-4.1,-,"Overcast, snow"
23/01/2000,15Z,-5.1,89%,1005.9 Hpa,070º (E ),14.4,8/8,6/8 ST,AC,N/A,-,-,-,"Overcast, snow"
23/01/2000,12Z,-4.4,90%,1005.2 Hpa,100º (E ),14.4,8/8,5/8 ST,AC,N/A,4.0(6h),-,-,"Overcast, dust storm"
23/01/2000,09Z,-5.3,94%,1006.2 Hpa,110º (E ),25.2,8/8,-,8/8 AC,N/A,-,-,-,"Overcast, snow"
23/01/2000,03Z,-2.8,56%,1010.5 Hpa,120º (SE),14.4,8/8,3/8 SC,AC,N/A,-,-,-,Overcast
23/01/2000,00Z,-3.0,57%,1012.5 Hpa,120º (SE),18.0,8/8,-,8/8 AC,N/A,-,-,-,Overcast
22/01/2000,21Z,-2.9,53%,1015.4 Hpa,140º (SE),10.8,8/8,-,1/8 AC,CI,-,-,-,Overcast
22/01/2000,18Z,-1.9,50%,1017.8 Hpa,140º (SE),10.8,8/8,-,8/8 AC,N/A,-,1.0,-,Overcast
22/01/2000,15Z,-1.1,47%,1018.7 Hpa,170º (S ),7.2,8/8,-,8/8 AC,N/A,-,-,-,Overcast
22/01/2000,12Z,0.2,40%,1020.4 Hpa,220º (SW),7.2,5/8,-,2/8 AC,CI,-,-,-,Cloudy
22/01/2000,09Z,-2.3,54%,1022.8 Hpa,270º (W ),7.2,3/8,-,-,CC,-,-,-,Scattered clouds
22/01/2000,06Z,-5.1,66%,1022.0 Hpa,280º (W ),14.4,1/8,-,1/8 AC,-,Tr(12h),-,-5.1,Few clouds
22/01/2000,03Z,-4.1,64%,1021.0 Hpa,290º (W ),10.8,0/8,-,-,-,-,-,-,Clear
22/01/2000,00Z,-2.7,58%,1018.4 Hpa,320º (NW),18.0,1/8,-,1/8 AC,-,Tr(6h),-,-,Few clouds
21/01/2000,21Z,0.1,64%,1013.8 Hpa,320º (NW),21.6,8/8,8/8 CU/SC,N/A,N/A,-,-,-,"Overcast, snow"
21/01/2000,18Z,2.2,68%,1008.5 Hpa,310º (NW),21.6,8/8,8/8 SC,N/A,N/A,0.1(12h),6.3,-,Overcast
21/01/2000,15Z,5.3,59%,1005.4 Hpa,290º (W ),14.4,7/8,5/8 SC,AC,-,-,-,-,Cloudy
21/01/2000,12Z,5.9,58%,1007.6 Hpa,290º (W ),21.6,8/8,5/8 SC,AC,N/A,Tr(6h),-,-,Overcast
21/01/2000,09Z,2.8,59%,1011.0 Hpa,270º (W ),10.8,8/8,2/8 SC,AC,N/A,-,-,-,Overcast
21/01/2000,06Z,2.3,49%,1012.6 Hpa,240º (SW),10.8,7/8,-,2/8 AC,CI,-,-,-1.6,Cloudy
21/01/2000,03Z,1.4,49%,1015.9 Hpa,230º (SW),7.2,7/8,-,7/8 AC,-,-,-,-,Cloudy
21/01/2000,00Z,0.8,51%,1018.9 Hpa,210º (SW),7.2,7/8,1/8 SC,AC,-,-,-,-,Cloudy
20/01/2000,18Z,-0.9,68%,1024.5 Hpa,230º (SW),14.4,4/8,2/8 SC,AC,CI,Tr(12h),2.0,-,Scattered clouds
20/01/2000,15Z,5.5,48%,1025.6 Hpa,250º (W ),18.0,6/8,6/8 CU/SC,-,-,-,-,-,"Cloudy, snow"
20/01/2000,12Z,0.4,70%,1026.3 Hpa,290º (W ),21.6,4/8,3/8 CU,-,CI,-,-,-,Scattered clouds
20/01/2000,09Z,-0.2,73%,1025.7 Hpa,320º (NW),18.0,1/8,1/8 CU,-,-,-,-,-,Few clouds
20/01/2000,06Z,-1.9,82%,1025.2 Hpa,320º (NW),10.8,3/8,3/8 SC,-,-,-,-,-2.4,Scattered clouds
20/01/2000,03Z,-2.1,84%,1023.0 Hpa,270º (W ),10.8,4/8,4/8 SC,-,-,-,-,-,Scattered clouds
20/01/2000,00Z,-1.3,79%,1027.0 Hpa,320º (NW),14.4,2/8,1/8 SC,AC,-,-,-,-,Few clouds
18/01/2000,21Z,0.4,87%,1006.5 Hpa,280º (W ),7.2,6/8,6/8 SC,-,-,-,-,-,Cloudy
18/01/2000,18Z,0.5,95%,1001.7 Hpa,320º (NW),10.8,8/8,8/8 SC,N/A,N/A,11.0(12h),3.5,-,"Overcast, snow"
18/01/2000,15Z,-0.3,100%,998.8 Hpa,270º (W ),3.6,N/A,-,-,-,-,-,-,snow
18/01/2000,12Z,1.9,87%,1000.5 Hpa,260º (W ),21.6,8/8,8/8 CU/SC,N/A,N/A,Tr(6h),-,-,"Overcast, snow"
18/01/2000,09Z,2.4,86%,1001.7 Hpa,280º (W ),21.6,8/8,6/8 CU/SC,AC,N/A,-,-,-,Overcast
18/01/2000,06Z,3.2,84%,1001.6 Hpa,290º (W ),7.2,8/8,8/8 SC,N/A,N/A,0.1(12h),-,3.2,Overcast
18/01/2000,03Z,5.1,68%,1000.4 Hpa,320º (NW),14.4,7/8,7/8 CU/SC,-,-,-,-,-,Cloudy
18/01/2000,00Z,4.7,62%,1000.5 Hpa,270º (W ),18.0,6/8,6/8 CU/SC,-,-,Tr(6h),-,-,Cloudy
17/01/2000,21Z,2.4,75%,1003.8 Hpa,250º (W ),21.6,7/8,7/8 SC,-,-,-,-,-,Cloudy
17/01/2000,18Z,0.1,80%,1008.3 Hpa,260º (W ),14.4,8/8,8/8 SC,N/A,N/A,0.2(12h),0.8,-,"Overcast, snow"
17/01/2000,15Z,-0.6,80%,1012.8 Hpa,250º (W ),14.4,8/8,6/8 CU/SC,AC,N/A,-,-,-,"Overcast, snow"
17/01/2000,12Z,0.1,71%,1016.7 Hpa,270º (W ),7.2,8/8,8/8 CU/SC,N/A,N/A,Tr(6h),-,-,"Overcast, snow"
17/01/2000,06Z,-3.3,92%,1024.0 Hpa,210º (SW),3.6,8/8,4/8 CU/SC,AC,N/A,Tr(12h),-,-3.3,"Overcast, mist"
17/01/2000,03Z,-3.0,90%,1026.5 Hpa,250º (W ),7.2,8/8,8/8 SC,N/A,N/A,-,-,-,"Overcast, mist"
17/01/2000,00Z,-2.8,88%,1028.6 Hpa,330º (NW),7.2,8/8,6/8 SC,AC,N/A,Tr(6h),-,-,"Overcast, snow"
16/01/2000,21Z,-1.9,90%,1029.2 Hpa,310º (NW),7.2,8/8,7/8 SC,AC,N/A,-,-,-,"Overcast, snow"
16/01/2000,18Z,-1.2,90%,1029.1 Hpa,320º (NW),7.2,8/8,8/8 SC,N/A,N/A,0.6(12h),-0.2,-,"Overcast, snow"
16/01/2000,15Z,-0.9,90%,1028.9 Hpa,290º (W ),10.8,8/8,8/8 CU/SC,N/A,N/A,-,-,-,"Overcast, snow"
16/01/2000,12Z,-0.3,82%,1029.1 Hpa,300º (NW),14.4,8/8,8/8 CU/SC,N/A,N/A,0.1(6h),-,-,"Overcast, snow"
16/01/2000,09Z,-1.1,90%,1029.8 Hpa,270º (W ),10.8,8/8,8/8 SC,N/A,N/A,-,-,-,"Overcast, snow"
16/01/2000,06Z,-2.3,92%,1029.2 Hpa,290º (W ),7.2,8/8,8/8 ST,N/A,N/A,Tr(12h),-,-2.6,"Overcast, snow grains"
16/01/2000,03Z,-2.3,90%,1028.9 Hpa,320º (NW),7.2,8/8,8/8 ST,N/A,N/A,-,-,-,"Overcast, drizzle"
16/01/2000,00Z,-1.9,90%,1029.1 Hpa,250º (W ),14.4,8/8,8/8 ST,N/A,N/A,Tr(6h),-,-,"Overcast, freezing rain"
15/01/2000,21Z,-1.8,89%,1029.5 Hpa,250º (W ),10.8,8/8,8/8 SC,N/A,N/A,-,-,-,"Overcast, mist"
15/01/2000,15Z,-1.3,86%,1029.1 Hpa,260º (W ),10.8,8/8,6/8 CU/SC,AC,N/A,-,-,-,"Overcast, fog"
15/01/2000,12Z,-1.4,82%,1029.2 Hpa,260º (W ),7.2,8/8,5/8 CU/SC,AC,N/A,-,-,-,"Overcast, mist"
15/01/2000,09Z,-3.5,82%,1030.5 Hpa,140º (SE),3.6,7/8,6/8 SC,AC,N/A,-,-,-,"Cloudy, mist"
15/01/2000,06Z,-4.0,78%,1028.8 Hpa,180º (S ),3.6,2/8,-,-,CI,-,-,-4.0,Few clouds
15/01/2000,03Z,-2.9,75%,1028.8 Hpa,090º (E ),7.2,0/8,-,-,-,-,-,-,Clear
15/01/2000,00Z,-2.8,80%,1028.6 Hpa,120º (SE),14.4,0/8,-,-,-,-,-,-,Clear
14/01/2000,21Z,-2.3,82%,1028.5 Hpa,140º (SE),14.4,0/8,-,-,-,-,-,-,Clear
14/01/2000,18Z,-1.2,78%,1027.8 Hpa,110º (E ),14.4,1/8,-,1/8 AC,-,-,5.3,-,Few clouds
14/01/2000,15Z,2.0,66%,1026.9 Hpa,120º (SE),18.0,7/8,-,-,CI,-,-,-,Cloudy
14/01/2000,12Z,4.4,56%,1027.0 Hpa,130º (SE),21.6,5/8,-,-,CI,-,-,-,Cloudy
14/01/2000,09Z,1.5,62%,1028.2 Hpa,140º (SE),25.2,3/8,-,1/8 AC,CI,-,-,-,Scattered clouds
14/01/2000,06Z,-0.9,73%,1027.6 Hpa,140º (SE),21.6,0/8,-,-,-,-,-,-1.6,Clear
14/01/2000,03Z,-1.3,75%,1027.9 Hpa,140º (SE),18.0,0/8,-,-,-,-,-,-,Clear
14/01/2000,00Z,-1.7,76%,1028.9 Hpa,110º (E ),14.4,0/8,-,-,-,-,-,-,Clear
13/01/2000,21Z,-1.6,73%,1029.6 Hpa,110º (E ),18.0,0/8,-,-,-,-,-,-,Clear
13/01/2000,18Z,-0.8,74%,1029.8 Hpa,110º (E ),18.0,0/8,-,-,-,-,3.7,-,Clear
13/01/2000,15Z,1.8,61%,1030.5 Hpa,110º (E ),14.4,5/8,-,3/8 AC,CI,-,-,-,Cloudy
13/01/2000,12Z,2.7,55%,1030.4 Hpa,140º (SE),18.0,7/8,-,7/8 AC,-,-,-,-,Cloudy
13/01/2000,09Z,0.3,68%,1032.8 Hpa,110º (E ),18.0,0/8,-,-,-,-,-,-,"Clear, mist"
13/01/2000,06Z,-0.9,81%,1033.2 Hpa,110º (E ),7.2,4/8,3/8 SC,AC,-,Tr(12h),-,-0.9,"Scattered clouds, mist"
13/01/2000,03Z,-0.6,81%,1033.7 Hpa,090º (E ),3.6,7/8,7/8 SC,-,-,-,-,-,"Cloudy, mist"
13/01/2000,00Z,-0.4,83%,1034.9 Hpa,090º (E ),7.2,7/8,7/8 SC,-,-,Tr(6h),-,-,"Cloudy, mist"
12/01/2000,21Z,0.2,82%,1035.8 Hpa,080º (E ),3.6,8/8,8/8 SC,N/A,N/A,-,-,-,"Overcast, mist"
12/01/2000,18Z,0.2,82%,1036.3 Hpa,110º (E ),3.6,6/8,6/8 SC,-,-,Tr(12h),1.6,-,"Cloudy, mist"
12/01/2000,15Z,0.5,77%,1036.3 Hpa,050º (NE),7.2,4/8,4/8 SC,-,-,-,-,-,"Scattered clouds, mist"
12/01/2000,12Z,1.2,74%,1037.1 Hpa,030º (NE),3.6,5/8,5/8 SC,-,-,Tr(6h),-,-,"Cloudy, mist"
12/01/2000,09Z,-0.4,80%,1039.2 Hpa,070º (E ),3.6,7/8,6/8 SC,AC,-,-,-,-,"Cloudy, snow"
12/01/2000,06Z,-0.7,85%,1038.2 Hpa,020º (N),3.6,8/8,8/8 SC,N/A,N/A,Tr(12h),-,-1.0,"Overcast, snow"
12/01/2000,03Z,-0.9,90%,1038.3 Hpa,340º (N ),3.6,8/8,8/8 ST,N/A,N/A,-,-,-,"Overcast, snow grains"
12/01/2000,00Z,-0.8,88%,1039.1 Hpa,040º (NE),3.6,7/8,7/8 SC,N/A,N/A,Tr(6h),-,-,"Cloudy, mist"
11/01/2000,21Z,-0.6,90%,1039.3 Hpa,260º (W ),3.6,8/8,8/8 ST,N/A,N/A,-,-,-,"Overcast, snow grains"
11/01/2000,18Z,-0.5,90%,1039.0 Hpa,270º (W ),7.2,8/8,8/8 ST,N/A,N/A,Tr(12h),-0.3,-,"Overcast, snow grains"
11/01/2000,15Z,-0.6,88%,1038.7 Hpa,270º (W ),7.2,8/8,8/8 ST,N/A,N/A,-,-,-,"Overcast, snow grains"
11/01/2000,12Z,-0.5,83%,1038.4 Hpa,330º (NW),3.6,8/8,8/8 ST,N/A,N/A,Tr(6h),-,-,"Overcast, snow grains"
11/01/2000,09Z,-1.4,86%,1039.1 Hpa,290º (W ),3.6,8/8,8/8 ST,N/A,N/A,-,-,-,"Overcast, snow grains"
11/01/2000,06Z,-2.0,86%,1038.1 Hpa,280º (W ),7.2,8/8,8/8 ST,N/A,N/A,Tr(12h),-,-2.6,"Overcast, snow grains"
11/01/2000,03Z,-2.1,89%,1037.5 Hpa,320º (NW),3.6,8/8,8/8 ST,N/A,N/A,-,-,-,"Overcast, snow grains"
11/01/2000,00Z,-2.3,85%,1037.0 Hpa,270º (W ),7.2,8/8,8/8 ST,N/A,N/A,Tr(6h),-,-,"Overcast, snow grains"
10/01/2000,21Z,-2.5,89%,1036.9 Hpa,270º (W ),7.2,8/8,8/8 ST,N/A,N/A,-,-,-,"Overcast, snow grains"
10/01/2000,18Z,-2.6,87%,1036.0 Hpa,320º (NW),3.6,8/8,8/8 ST,N/A,N/A,-,-2.6,-,"Overcast, mist"
